Fahrenheit,Celsius
0,-17.77777777777778
10,-12.222222222222221
20,-6.666666666666667
30,-1.1111111111111112
40,4.444444444444445
50,10.0
60,15.555555555555555
70,21.11111111111111
80,26.666666666666668
90,32.22222222222222
100,37.77777777777778
